strategy,condition,label,category,n,baseline_recall,masked_recall,recall_drop,ci_low,ci_high,true_probability_drop
frozen,N10,0,Nucleus,808,0.8514851485148515,0.844059405940594,0.007425742574257425,-0.008663366336633664,0.024752475247524754,0.0028208970404653153
frozen,N10,1,Cytoplasm,508,0.5374015748031497,0.4940944881889764,0.04330708661417323,0.011811023622047244,0.07288385826771648,0.014407054536091628
frozen,N10,2,Extracellular,393,0.8575063613231552,0.7989821882951654,0.058524173027989825,0.030534351145038167,0.08651399491094147,0.06052637723326628
frozen,N10,3,Mitochondrion,302,0.6821192052980133,0.5927152317880795,0.08940397350993377,0.039735099337748346,0.1357615894039735,0.08581153968282657
frozen,N10,4,Cell membrane,273,0.6263736263736264,0.6227106227106227,0.003663003663003663,-0.02197802197802198,0.02564102564102564,0.014712148900121144
frozen,N10,5,Endoplasmic reticulum,173,0.3930635838150289,0.3699421965317919,0.023121387283236993,-0.017341040462427744,0.06358381502890173,-0.0028580614368472843
frozen,N10,6,Chloroplast,152,0.8947368421052632,0.7697368421052632,0.125,0.07236842105263158,0.18421052631578946,0.1307927929946455
frozen,N10,7,Golgi apparatus,70,0.37142857142857144,0.38571428571428573,-0.014285714285714285,-0.057499999999999975,0.02857142857142857,0.0069955147498730556
frozen,N10,8,Lysosome/Vacuole,64,0.09375,0.203125,-0.109375,-0.203125,-0.03125,-0.02440381113205578
frozen,N10,9,Peroxisome,30,0.2,0.16666666666666666,0.03333333333333333,-0.1,0.13333333333333333,0.020719018678046833
frozen,C10,0,Nucleus,808,0.8514851485148515,0.844059405940594,0.007425742574257425,-0.007425742574257425,0.023514851485148515,0.0006699877026666285
frozen,C10,1,Cytoplasm,508,0.5374015748031497,0.5,0.03740157480314961,0.007824803149606301,0.0688976377952756,0.01059630195006925
frozen,C10,2,Extracellular,393,0.8575063613231552,0.8346055979643766,0.022900763358778626,0.0,0.04834605597964377,0.023670557907479312
frozen,C10,3,Mitochondrion,302,0.6821192052980133,0.6721854304635762,0.009933774834437087,-0.019867549668874173,0.039735099337748346,0.0017336851976812598
frozen,C10,4,Cell membrane,273,0.6263736263736264,0.6446886446886447,-0.018315018315018316,-0.040293040293040296,0.0,0.0053366760283283824
frozen,C10,5,Endoplasmic reticulum,173,0.3930635838150289,0.3930635838150289,0.0,-0.046242774566473986,0.05202312138728324,0.0018342587107724078
frozen,C10,6,Chloroplast,152,0.8947368421052632,0.9078947368421053,-0.013157894736842105,-0.039473684210526314,0.013157894736842105,0.00043242848793936003
frozen,C10,7,Golgi apparatus,70,0.37142857142857144,0.4,-0.02857142857142857,-0.07142857142857142,0.0,-0.0031434670468903584
frozen,C10,8,Lysosome/Vacuole,64,0.09375,0.109375,-0.015625,-0.046875,0.0,-0.025581924363396232
frozen,C10,9,Peroxisome,30,0.2,0.1,0.1,0.0,0.2,0.039286214322007434
frozen,internal10,0,Nucleus,808,0.8514851485148515,0.8527227722772277,-0.0012376237623762376,-0.018564356435643563,0.01485148514851485,0.0008531925881021508
frozen,internal10,1,Cytoplasm,508,0.5374015748031497,0.5177165354330708,0.01968503937007874,-0.011811023622047244,0.05123031496062987,0.013416409627036096
frozen,internal10,2,Extracellular,393,0.8575063613231552,0.8295165394402035,0.027989821882951654,0.0,0.05597964376590331,0.03073583847867406
frozen,internal10,3,Mitochondrion,302,0.6821192052980133,0.6556291390728477,0.026490066225165563,-0.013245033112582781,0.06291390728476821,0.030354097497594303
frozen,internal10,4,Cell membrane,273,0.6263736263736264,0.663003663003663,-0.03663003663003663,-0.06227106227106227,-0.014560439560439644,-0.004106256433235459
frozen,internal10,5,Endoplasmic reticulum,173,0.3930635838150289,0.36416184971098264,0.028901734104046242,-0.011560693641618497,0.07514450867052024,0.0008431761728428512
frozen,internal10,6,Chloroplast,152,0.8947368421052632,0.9078947368421053,-0.013157894736842105,-0.039473684210526314,0.013157894736842105,0.004116482729719818
frozen,internal10,7,Golgi apparatus,70,0.37142857142857144,0.42857142857142855,-0.05714285714285714,-0.11428571428571428,-0.014285714285714285,-0.02463686672017567
frozen,internal10,8,Lysosome/Vacuole,64,0.09375,0.109375,-0.015625,-0.078125,0.03125,-0.013202464598714008
frozen,internal10,9,Peroxisome,30,0.2,0.1,0.1,0.0,0.23333333333333334,0.04920757751487157
linear,N10,0,Nucleus,808,0.9108910891089109,0.9183168316831684,-0.007425742574257425,-0.017326732673267328,0.0024752475247524753,-0.004785213535226927
linear,N10,1,Cytoplasm,508,0.5551181102362205,0.4822834645669291,0.07283464566929133,0.04921259842519685,0.09645669291338582,0.04917263706122959
linear,N10,2,Extracellular,393,0.9618320610687023,0.910941475826972,0.05089058524173028,0.030534351145038167,0.0737913486005089,0.07711355153187177
linear,N10,3,Mitochondrion,302,0.8145695364238411,0.7185430463576159,0.09602649006622517,0.059602649006622516,0.13245033112582782,0.10237335060439595
linear,N10,4,Cell membrane,273,0.7582417582417582,0.7472527472527473,0.01098901098901099,0.0,0.02197802197802198,0.010794993148865032
linear,N10,5,Endoplasmic reticulum,173,0.4797687861271676,0.49710982658959535,-0.017341040462427744,-0.05202312138728324,0.011705202312138596,-0.014811390618252603
linear,N10,6,Chloroplast,152,0.8947368421052632,0.7763157894736842,0.11842105263157894,0.06578947368421052,0.17763157894736842,0.13922537404188604
linear,N10,7,Golgi apparatus,70,0.18571428571428572,0.15714285714285714,0.02857142857142857,0.0,0.07178571428571395,0.017479120913674942
linear,N10,8,Lysosome/Vacuole,64,0.078125,0.09375,-0.015625,-0.046875,0.0,-0.006714163458608393
linear,N10,9,Peroxisome,30,0.1,0.03333333333333333,0.06666666666666667,0.0,0.16666666666666666,0.028607335298018243
linear,C10,0,Nucleus,808,0.9108910891089109,0.9170792079207921,-0.006188118811881188,-0.014882425742574255,0.0024752475247524753,-0.007992550628185484
linear,C10,1,Cytoplasm,508,0.5551181102362205,0.484251968503937,0.07086614173228346,0.047244094488188976,0.09645669291338582,0.04416782272704939
linear,C10,2,Extracellular,393,0.9618320610687023,0.9541984732824428,0.007633587786259542,-0.005089058524173028,0.020356234096692113,0.014871354469847003
linear,C10,3,Mitochondrion,302,0.8145695364238411,0.8013245033112583,0.013245033112582781,-0.009933774834437087,0.033195364238410525,-0.0018817591044946946
linear,C10,4,Cell membrane,273,0.7582417582417582,0.7472527472527473,0.01098901098901099,-0.007326007326007326,0.029395604395604312,0.008648345331913396
linear,C10,5,Endoplasmic reticulum,173,0.4797687861271676,0.49710982658959535,-0.017341040462427744,-0.046242774566473986,0.011560693641618497,-0.01875836334306482
linear,C10,6,Chloroplast,152,0.8947368421052632,0.8552631578947368,0.039473684210526314,0.006578947368421052,0.07236842105263158,0.012956205298884308
linear,C10,7,Golgi apparatus,70,0.18571428571428572,0.15714285714285714,0.02857142857142857,0.0,0.08571428571428572,0.022564931310166857
linear,C10,8,Lysosome/Vacuole,64,0.078125,0.09375,-0.015625,-0.046875,0.0,0.0005956422735299575
linear,C10,9,Peroxisome,30,0.1,0.06666666666666667,0.03333333333333333,0.0,0.1,0.027802262341956253
linear,internal10,0,Nucleus,808,0.9108910891089109,0.926980198019802,-0.01608910891089109,-0.027227722772277228,-0.006188118811881188,-0.021776418813421926
linear,internal10,1,Cytoplasm,508,0.5551181102362205,0.4448818897637795,0.11023622047244094,0.08267716535433071,0.13976377952755906,0.06902538820962338
linear,internal10,2,Extracellular,393,0.9618320610687023,0.9465648854961832,0.015267175572519083,0.0,0.03307888040712468,-0.0025023338254626724
linear,internal10,3,Mitochondrion,302,0.8145695364238411,0.804635761589404,0.009933774834437087,-0.009933774834437087,0.033112582781456956,0.012731431411112517
linear,internal10,4,Cell membrane,273,0.7582417582417582,0.7582417582417582,0.0,-0.01098901098901099,0.01098901098901099,0.004964449059166116
linear,internal10,5,Endoplasmic reticulum,173,0.4797687861271676,0.4797687861271676,0.0,-0.03468208092485549,0.03468208092485549,-0.01804875426665195
linear,internal10,6,Chloroplast,152,0.8947368421052632,0.8421052631578947,0.05263157894736842,0.006578947368421052,0.09868421052631579,0.02355755879361118
linear,internal10,7,Golgi apparatus,70,0.18571428571428572,0.12857142857142856,0.05714285714285714,0.014285714285714285,0.11428571428571428,0.041780370064763685
linear,internal10,8,Lysosome/Vacuole,64,0.078125,0.078125,0.0,0.0,0.0,0.014412894434096666
linear,internal10,9,Peroxisome,30,0.1,0.06666666666666667,0.03333333333333333,0.0,0.1,0.028688914815691753
lora,N10,0,Nucleus,808,0.8613861386138614,0.8638613861386139,-0.0024752475247524753,-0.018564356435643563,0.013644801980197992,0.0012430253635533556
lora,N10,1,Cytoplasm,508,0.6850393700787402,0.6614173228346457,0.023622047244094488,-0.00984251968503937,0.05708661417322835,0.050685735929740426
lora,N10,2,Extracellular,393,0.910941475826972,0.8396946564885496,0.07124681933842239,0.04580152671755725,0.10178117048346055,0.10044801853778153
lora,N10,3,Mitochondrion,302,0.8377483443708609,0.7086092715231788,0.1291390728476821,0.09271523178807947,0.17218543046357615,0.1500556608568397
lora,N10,4,Cell membrane,273,0.7655677655677655,0.7765567765567766,-0.01098901098901099,-0.0477106227106227,0.02564102564102564,0.012991326585053375
lora,N10,5,Endoplasmic reticulum,173,0.6011560693641619,0.5606936416184971,0.04046242774566474,-0.011560693641618497,0.09248554913294797,0.02974895954439254
lora,N10,6,Chloroplast,152,0.9210526315789473,0.8421052631578947,0.07894736842105263,0.02631578947368421,0.13815789473684212,0.09540493347299774
lora,N10,7,Golgi apparatus,70,0.34285714285714286,0.3142857142857143,0.02857142857142857,-0.05714285714285714,0.11428571428571428,0.05246720924022962
lora,N10,8,Lysosome/Vacuole,64,0.046875,0.078125,-0.03125,-0.09375,0.03125,-0.02168540393808973
lora,N10,9,Peroxisome,30,0.1,0.06666666666666667,0.03333333333333333,0.0,0.1,-0.02497356851813598
lora,C10,0,Nucleus,808,0.8613861386138614,0.8898514851485149,-0.028465346534653466,-0.043316831683168314,-0.012345297029702999,-0.023584200625698472
lora,C10,1,Cytoplasm,508,0.6850393700787402,0.5669291338582677,0.11811023622047244,0.08661417322834646,0.14960629921259844,0.1457549974511045
lora,C10,2,Extracellular,393,0.910941475826972,0.8422391857506362,0.06870229007633588,0.04071246819338423,0.09669211195928754,0.12580543161562494
lora,C10,3,Mitochondrion,302,0.8377483443708609,0.8178807947019867,0.019867549668874173,-0.006622516556291391,0.046357615894039736,0.04057571623786035
lora,C10,4,Cell membrane,273,0.7655677655677655,0.7472527472527473,0.018315018315018316,-0.018315018315018316,0.054945054945054944,0.05277166696601754
lora,C10,5,Endoplasmic reticulum,173,0.6011560693641619,0.6589595375722543,-0.057803468208092484,-0.09841040462427746,-0.017341040462427744,-0.0632582580585119
lora,C10,6,Chloroplast,152,0.9210526315789473,0.8157894736842105,0.10526315789473684,0.05921052631578947,0.15789473684210525,0.06921632114438095
lora,C10,7,Golgi apparatus,70,0.34285714285714286,0.3142857142857143,0.02857142857142857,-0.02857142857142857,0.1,0.06161757954862368
lora,C10,8,Lysosome/Vacuole,64,0.046875,0.09375,-0.046875,-0.109375,0.015625,-0.02771638153819129
lora,C10,9,Peroxisome,30,0.1,0.06666666666666667,0.03333333333333333,0.0,0.1,0.029966277759601232
lora,internal10,0,Nucleus,808,0.8613861386138614,0.8836633663366337,-0.022277227722772276,-0.03589108910891089,-0.009870049504950523,-0.01640948309580812
lora,internal10,1,Cytoplasm,508,0.6850393700787402,0.5964566929133859,0.08858267716535433,0.05511811023622047,0.12012795275590546,0.1112340099644358
lora,internal10,2,Extracellular,393,0.910941475826972,0.8880407124681934,0.022900763358778626,0.005089058524173028,0.043256997455470736,0.04844873855525226
lora,internal10,3,Mitochondrion,302,0.8377483443708609,0.8112582781456954,0.026490066225165563,0.0033112582781456954,0.052980132450331126,0.03597028203461943
lora,internal10,4,Cell membrane,273,0.7655677655677655,0.7838827838827839,-0.018315018315018316,-0.05128205128205128,0.014652014652014652,0.0071156323118424245
lora,internal10,5,Endoplasmic reticulum,173,0.6011560693641619,0.6358381502890174,-0.03468208092485549,-0.07514450867052024,0.005780346820809248,-0.027694139954607965
lora,internal10,6,Chloroplast,152,0.9210526315789473,0.8552631578947368,0.06578947368421052,0.03273026315789474,0.10526315789473684,0.03834536746808489
lora,internal10,7,Golgi apparatus,70,0.34285714285714286,0.3142857142857143,0.02857142857142857,-0.04285714285714286,0.1,0.03261161623883599
lora,internal10,8,Lysosome/Vacuole,64,0.046875,0.09375,-0.046875,-0.109375,0.0,-0.029703284129750623
lora,internal10,9,Peroxisome,30,0.1,0.06666666666666667,0.03333333333333333,0.0,0.1,0.012167197834418475
full,N10,0,Nucleus,808,0.8712871287128713,0.8626237623762376,0.008663366336633664,-0.0037128712871287127,0.022277227722772276,0.009915959421241767
full,N10,1,Cytoplasm,508,0.7007874015748031,0.7283464566929134,-0.027559055118110236,-0.051181102362204724,-0.001968503937007874,-0.02522805344499182
full,N10,2,Extracellular,393,0.9236641221374046,0.8498727735368957,0.0737913486005089,0.043256997455470736,0.10432569974554708,0.07451723580480393
full,N10,3,Mitochondrion,302,0.8344370860927153,0.6754966887417219,0.15894039735099338,0.11589403973509933,0.2052980132450331,0.1534140537678159
full,N10,4,Cell membrane,273,0.7655677655677655,0.7545787545787546,0.01098901098901099,-0.01098901098901099,0.03663003663003663,0.005653399150200123
full,N10,5,Endoplasmic reticulum,173,0.6589595375722543,0.6127167630057804,0.046242774566473986,0.0,0.09826589595375723,0.02860386719219524
full,N10,6,Chloroplast,152,0.9473684210526315,0.75,0.19736842105263158,0.13815789473684212,0.2631578947368421,0.2136719234513694
full,N10,7,Golgi apparatus,70,0.35714285714285715,0.34285714285714286,0.014285714285714285,-0.04285714285714286,0.07178571428571395,0.0389473207918985
full,N10,8,Lysosome/Vacuole,64,0.328125,0.296875,0.03125,-0.046875,0.125,0.034333381451529324
full,N10,9,Peroxisome,30,0.36666666666666664,0.4,-0.03333333333333333,-0.1,0.0,-0.024836726479216024
full,C10,0,Nucleus,808,0.8712871287128713,0.8626237623762376,0.008663366336633664,-0.0037128712871287127,0.02103960396039604,0.009582841742620777
full,C10,1,Cytoplasm,508,0.7007874015748031,0.7224409448818898,-0.021653543307086614,-0.04330708661417323,0.001968503937007874,-0.027653299759968948
full,C10,2,Extracellular,393,0.9236641221374046,0.926208651399491,-0.002544529262086514,-0.015267175572519083,0.010178117048346057,0.00020745995170130154
full,C10,3,Mitochondrion,302,0.8344370860927153,0.8344370860927153,0.0,-0.013245033112582781,0.013245033112582781,0.010858597745810937
full,C10,4,Cell membrane,273,0.7655677655677655,0.717948717948718,0.047619047619047616,0.018315018315018316,0.07692307692307693,0.04267325540470939
full,C10,5,Endoplasmic reticulum,173,0.6589595375722543,0.6011560693641619,0.057803468208092484,0.011560693641618497,0.10404624277456648,0.030941185965738787
full,C10,6,Chloroplast,152,0.9473684210526315,0.881578947368421,0.06578947368421052,0.03289473684210526,0.10526315789473684,0.07761293841278681
full,C10,7,Golgi apparatus,70,0.35714285714285715,0.35714285714285715,0.0,-0.04285714285714286,0.04285714285714286,0.011555007422194398
full,C10,8,Lysosome/Vacuole,64,0.328125,0.296875,0.03125,-0.046875,0.109375,0.041880747949978536
full,C10,9,Peroxisome,30,0.36666666666666664,0.1,0.26666666666666666,0.1,0.43333333333333335,0.25187125253546955
full,internal10,0,Nucleus,808,0.8712871287128713,0.8725247524752475,-0.0012376237623762376,-0.012376237623762377,0.011138613861386138,-0.00028239835776640065
full,internal10,1,Cytoplasm,508,0.7007874015748031,0.6929133858267716,0.007874015748031496,-0.015748031496062992,0.031496062992125984,0.004612406194602708
full,internal10,2,Extracellular,393,0.9236641221374046,0.9083969465648855,0.015267175572519083,0.0,0.03307888040712468,0.016284553729010342
full,internal10,3,Mitochondrion,302,0.8344370860927153,0.8311258278145696,0.0033112582781456954,-0.016556291390728478,0.023178807947019868,0.004714563649419979
full,internal10,4,Cell membrane,273,0.7655677655677655,0.7619047619047619,0.003663003663003663,-0.018315018315018316,0.02197802197802198,-0.0016524877396869196
full,internal10,5,Endoplasmic reticulum,173,0.6589595375722543,0.6242774566473989,0.03468208092485549,-0.005924855491329472,0.07514450867052024,0.016145406230607784
full,internal10,6,Chloroplast,152,0.9473684210526315,0.9276315789473685,0.019736842105263157,-0.006578947368421052,0.05263157894736842,0.031692872617003355
full,internal10,7,Golgi apparatus,70,0.35714285714285715,0.4142857142857143,-0.05714285714285714,-0.11428571428571428,-0.014285714285714285,-0.01938322656408882
full,internal10,8,Lysosome/Vacuole,64,0.328125,0.34375,-0.015625,-0.046875,0.0,-0.0017600868989486734
full,internal10,9,Peroxisome,30,0.36666666666666664,0.36666666666666664,0.0,0.0,0.0,-0.006770895284227354
